-- MySQL dump 10.13  Distrib 8.0.19, for Win64 (x86_64)
--
-- Host: localhost    Database: cartalogo
-- ------------------------------------------------------
-- Server version	5.5.5-10.4.32-MariaDB

/*!40101 SET @OLD_CHARACTER_SET_CLIENT=@@CHARACTER_SET_CLIENT */;
/*!40101 SET @OLD_CHARACTER_SET_RESULTS=@@CHARACTER_SET_RESULTS */;
/*!40101 SET @OLD_COLLATION_CONNECTION=@@COLLATION_CONNECTION */;
/*!50503 SET NAMES utf8mb4 */;
/*!40103 SET @OLD_TIME_ZONE=@@TIME_ZONE */;
/*!40103 SET TIME_ZONE='+00:00' */;
/*!40014 SET @OLD_UNIQUE_CHECKS=@@UNIQUE_CHECKS, UNIQUE_CHECKS=0 */;
/*!40014 SET @OLD_FOREIGN_KEY_CHECKS=@@FOREIGN_KEY_CHECKS, FOREIGN_KEY_CHECKS=0 */;
/*!40101 SET @OLD_SQL_MODE=@@SQL_MODE, SQL_MODE='NO_AUTO_VALUE_ON_ZERO' */;
/*!40111 SET @OLD_SQL_NOTES=@@SQL_NOTES, SQL_NOTES=0 */;

--
-- Table structure for table `brands`
--

DROP TABLE IF EXISTS `brands`;
/*!40101 SET @saved_cs_client     = @@character_set_client */;
/*!50503 SET character_set_client = utf8mb4 */;
CREATE TABLE `brands` (
  `id` int(11) NOT NULL AUTO_INCREMENT,
  `name` varchar(255) NOT NULL,
  `createdAt` datetime NOT NULL,
  `updatedAt` datetime NOT NULL,
  PRIMARY KEY (`id`)
) ENGINE=InnoDB AUTO_INCREMENT=22 DEFAULT CHARSET=utf8mb4 COLLATE=utf8mb4_general_ci;
/*!40101 SET character_set_client = @saved_cs_client */;

--
-- Dumping data for table `brands`
--

LOCK TABLES `brands` WRITE;
/*!40000 ALTER TABLE `brands` DISABLE KEYS */;
INSERT INTO `brands` VALUES (1,'Chevrolet','2025-04-07 03:50:06','2025-04-07 03:50:06'),(5,'Ford','2025-04-07 20:32:15','2025-04-07 20:32:15'),(9,'Volkswagen','2025-04-09 04:50:17','2025-04-09 04:50:17'),(10,'Peugeot','2025-04-09 05:20:44','2025-04-09 05:20:44'),(11,'Porsche','2025-04-09 05:20:47','2025-04-09 05:20:47'),(12,'Mercedes-Benz','2025-04-09 05:21:02','2025-04-09 05:21:02'),(13,'Nissan','2025-04-09 05:21:17','2025-04-09 05:21:17'),(14,'BMW','2025-04-09 05:21:19','2025-04-09 05:21:19'),(15,'Jeep','2025-04-09 05:21:23','2025-04-09 05:21:23'),(16,'Subaru','2025-04-09 05:21:57','2025-04-09 05:21:57'),(17,'Honda','2025-04-09 05:21:59','2025-04-09 05:21:59'),(18,'Hyundai','2025-04-09 05:22:03','2025-04-09 05:22:03'),(19,'Toyota','2025-04-09 05:22:11','2025-04-09 05:22:11'),(20,'Renault','2025-04-09 05:22:14','2025-04-09 05:22:14'),(21,'Fiat','2025-04-09 05:22:18','2025-04-09 05:22:18');
/*!40000 ALTER TABLE `brands` ENABLE KEYS */;
UNLOCK TABLES;

--
-- Table structure for table `cars`
--

DROP TABLE IF EXISTS `cars`;
/*!40101 SET @saved_cs_client     = @@character_set_client */;
/*!50503 SET character_set_client = utf8mb4 */;
CREATE TABLE `cars` (
  `id` int(11) NOT NULL AUTO_INCREMENT,
  `model` varchar(255) NOT NULL,
  `description` text NOT NULL,
  `specs` varchar(255) NOT NULL,
  `averagePrice` float NOT NULL,
  `type` varchar(255) NOT NULL,
  `year` int(11) NOT NULL,
  `brandId` int(11) NOT NULL,
  `createdAt` datetime NOT NULL,
  `updatedAt` datetime NOT NULL,
  PRIMARY KEY (`id`),
  KEY `brandId` (`brandId`),
  CONSTRAINT `cars_ibfk_1` FOREIGN KEY (`brandId`) REFERENCES `brands` (`id`) ON DELETE NO ACTION ON UPDATE CASCADE
) ENGINE=InnoDB AUTO_INCREMENT=76 DEFAULT CHARSET=utf8mb4 COLLATE=utf8mb4_general_ci;
/*!40101 SET character_set_client = @saved_cs_client */;

--
-- Dumping data for table `cars`
--

LOCK TABLES `cars` WRITE;
/*!40000 ALTER TABLE `cars` DISABLE KEYS */;
INSERT INTO `cars` VALUES (4,'Corsa','O Chevrolet Corsa é um dos modelos mais icônicos da marca, especialmente no Brasil, onde marcou gerações. Compacto, econômico e confiável, ele se destacou pelo design moderno e pela versatilidade, sendo oferecido em versões hatch e sedan. Com uma mecânica robusta e um desempenho equilibrado, o Corsa conquistou motoristas que buscavam um carro acessível sem abrir mão do conforto e da eficiência. Mesmo após o fim de sua produção, ele ainda é querido por muitos entusiastas e continua rodando por aí!','1.8, 12',100000,'Sedã / Hatch',2000,1,'2025-04-09 01:32:43','2025-04-09 01:32:43'),(5,'Celta','O Chevrolet Celta é um hatch compacto que se destacou no mercado brasileiro pela sua economia, simplicidade e custo-benefício. Lançado em 2000, ele conquistou muitos motoristas com seu design funcional, manutenção acessível e bom desempenho para o dia a dia. Com motorizações 1.0 e 1.4, o Celta é conhecido por ser ágil no trânsito urbano e ter um consumo eficiente de combustível, sendo uma escolha popular entre os que buscam um carro prático e confiável.','Motorização 1.0 / 1.4',30000,'Hatch Compacto',2016,1,'2025-04-10 04:23:47','2025-04-10 04:23:47'),(6,'Cruze','O Chevrolet Cruze é um sedan médio que combina design moderno, conforto e tecnologia. Com linhas elegantes e acabamento refinado, o Cruze oferece bom desempenho graças ao motor turbo eficiente, além de uma condução suave e segura. Equipado com recursos avançados de conectividade e segurança, como central multimídia com MyLink e controles eletrônicos de estabilidade, o modelo se destaca como uma opção sofisticada e versátil tanto para o uso urbano quanto para viagens.','Motorização 1.4',110000,'Sedã / Hatch',2024,1,'2025-04-10 04:32:18','2025-04-10 04:32:18'),(7,'Equinox','​O Chevrolet Equinox é um SUV de porte médio que se destaca pelo design sofisticado, conforto e tecnologia avançada. A versão 2025 apresenta um visual renovado com faróis, grade, para-choques e lanternas atualizados, alinhados à linguagem global dos SUVs da Chevrolet . O interior oferece acabamento refinado e recursos como a central multimídia MyLink, proporcionando conectividade e entretenimento aos ocupantes. Além disso, o Equinox 2025 é o primeiro modelo da marca equipado com OnStar 5G, oferecendo velocidade de conexão até 100 vezes mais rápida que o padrão tradicional . Com opções de motorização turbo e tração integral, o Equinox combina desempenho eficiente com uma condução segura e confortável, atendendo tanto às necessidades urbanas quanto às viagens mais longas.​','Motorização 1.5',270000,'SUV Médio',2025,1,'2025-04-10 04:36:38','2025-04-10 04:36:38'),(8,'Montana','​A Chevrolet Montana 2025 é uma picape compacta que combina a versatilidade de uma caçamba inteligente com o conforto e dirigibilidade de um SUV. Equipada com motor 1.2 Turbo de 141 cv, oferece desempenho eficiente tanto com transmissão manual quanto automática. Destaca-se pela caçamba Multi-Flex, projetada para funcionar como um porta-malas gigante, e por uma linha de acessórios customizados que permitem diversas soluções de transporte de carga. Além disso, a Montana 2025 apresenta um design moderno e tecnologias avançadas, incluindo conectividade total e seis airbags de série, reforçando sua proposta de ser uma picape robusta e confortável para diferentes necessidades. ​','Motorização 1.2',160000,'Picape Média',2025,1,'2025-04-10 04:38:11','2025-04-10 04:38:11'),(9,'Onix','O Chevrolet Onix é um hatch compacto que se destaca pelo design moderno, bom desempenho e tecnologia embarcada. Equipado com motor eficiente e opções de câmbio manual ou automático, oferece uma condução confortável tanto na cidade quanto na estrada. Internamente, traz acabamento bem resolvido, central multimídia com conectividade e recursos de segurança que o colocam entre os mais completos da categoria. Ideal para quem busca um carro prático, econômico e com visual atual.','Motorização 1.0 / 1.4',85000,'Sedã / Hatch',2025,1,'2025-04-10 04:41:12','2025-04-10 04:41:12'),(10,'S10','A Chevrolet S10 é uma picape robusta e versátil, ideal tanto para o trabalho pesado quanto para o uso urbano. Com motor potente, tração 4x4 em versões selecionadas e boa capacidade de carga, ela se adapta bem a diferentes terrenos e necessidades. Seu interior combina conforto com tecnologia, oferecendo central multimídia, conectividade e itens de segurança modernos. É uma escolha confiável para quem busca força, durabilidade e desempenho.','Motorização 2.8',350000,'Picape',2025,1,'2025-04-10 04:42:13','2025-04-10 04:42:13'),(11,'Spin','​O Chevrolet Spin é uma minivan compacta que se destaca pela versatilidade e espaço interno, ideal para famílias e transporte de passageiros. A versão 2025 apresenta um design renovado, com nova dianteira, capô mais elevado e faróis atualizados. Internamente, incorpora o sistema MyLink de última geração, painel de instrumentos digital e novos bancos, elevando o conforto e a conectividade. Oferece configurações de 5 ou 7 lugares e um porta-malas de até 756 litros na versão de 5 lugares, atendendo diversas necessidades de espaço. Além disso, conta com 6 airbags e recursos de segurança aprimorados, proporcionando uma condução mais segura para todos os ocupantes. ​','Motorização 1.8',150000,'Minivan',2025,1,'2025-04-10 04:43:45','2025-04-10 04:43:45'),(12,'Tracker','​O Chevrolet Tracker 2025 é um SUV compacto que combina design moderno, desempenho eficiente e tecnologia avançada. Equipado com motor turbo de 3 cilindros e injeção direta, oferece uma condução ágil e econômica. Destaca-se por recursos como Wi-Fi nativo, sistema de partida sem chave e ar-condicionado digital, proporcionando conforto e conectividade aos ocupantes. Além disso, conta com 6 airbags de série, controle de velocidade e faróis com acendimento automático por sensor crepuscular, garantindo maior segurança. O design sofisticado inclui rodas de alumínio de 17 polegadas, detalhes cromados na grade frontal e teto solar panorâmico, conferindo ao veículo uma aparência elegante e contemporânea. ​','Motorização 1.0 / 1.2',165000,'SUV Compacto',2025,1,'2025-04-10 04:45:00','2025-04-10 04:45:00'),(13,'Ká','​O Ford Ka é um hatch compacto que se destacou por seu design moderno, eficiência e tecnologia. Equipado com motor 1.5L TiVCT de 3 cilindros, entregava 123 cv de potência, oferecendo bom desempenho e economia de combustível. Seu interior apresentava recursos como ar-condicionado, central multimídia e comandos de som no volante, proporcionando conforto e conveniência aos ocupantes. No entanto, é importante notar que a produção do Ford Ka foi descontinuada em 2021, e a Ford encerrou a fabricação de veículos no Brasil em 2022. Portanto, modelos novos não estão mais disponíveis no mercado brasileiro, restando apenas unidades seminovas ou usadas para aquisição.​','Motorização 1.5',60000,'Hatch',2021,5,'2025-04-10 04:48:17','2025-04-10 04:48:17'),(14,'Fusion','​O Ford Fusion foi um sedã médio que se destacou por seu design elegante, conforto e tecnologia. Lançado em 2005, oferecia uma variedade de motores, incluindo opções híbridas e plug-in híbridas, atendendo a diferentes perfis de motoristas. O interior era conhecido por materiais de qualidade e recursos tecnológicos avançados, como o sistema de infotainment Sync da Ford. Além disso, oferecia tração integral em algumas versões, proporcionando uma condução estável em diversas condições. No entanto, a produção do Fusion foi encerrada em julho de 2020, quando a Ford decidiu descontinuar o modelo para focar em SUVs e veículos elétricos. Apesar de sua descontinuação, o Fusion deixou um legado como uma opção confiável e sofisticada no segmento de sedãs médios.','Motorização 2.0 / 2.5',100000,'Sedã',2021,5,'2025-04-10 04:51:46','2025-04-10 04:51:46'),(15,'Ranger','A Ford Ranger é uma picape robusta, ideal para quem precisa de força e versatilidade tanto na cidade quanto no campo.','Motorização 2.2/3.2',220000,'Picape',2024,5,'2025-04-10 14:04:53','2025-04-10 14:04:53'),(16,'Fiesta','O Ford Fiesta é um hatch compacto com design moderno e bom desempenho urbano, conhecido pela sua dirigibilidade e economia de combustível.','Motorização 1.0/1.6',65000,'Hatch',2019,5,'2025-04-10 14:04:53','2025-04-10 14:04:53'),(17,'Territory','O Ford Territory é um SUV espaçoso e confortável, com foco em tecnologia, segurança e boa dirigibilidade para famílias.','Motorização 1.5',210000,'SUV',2023,5,'2025-04-10 14:04:53','2025-04-10 14:04:53'),(18,'F-150','A Ford F-150 é uma picape icônica de grande porte, referência em potência e capacidade de carga, muito utilizada em ambientes de trabalho pesado.','Motorização 3.5 V6',470000,'Picape',2024,5,'2025-04-10 14:04:53','2025-04-10 14:04:53'),(19,'Gol','O Volkswagen Gol é um dos carros mais populares do Brasil, conhecido por sua confiabilidade, manutenção acessível e desempenho urbano.','Motorização 1.0/1.6',70000,'Hatch',2022,9,'2025-04-10 14:06:44','2025-04-10 14:06:44'),(20,'Nivus','O Volkswagen Nivus é um SUV compacto com design moderno, tecnologia embarcada e bom consumo, ideal para o dia a dia nas cidades.','Motorização 1.0 TSI',120000,'SUV',2024,9,'2025-04-10 14:06:44','2025-04-10 14:06:44'),(21,'Passat','O Volkswagen Passat é um sedã médio de alto padrão, que combina conforto, desempenho e sofisticação em um design clássico.','Motorização 2.0 TSI',240000,'Sedã',2022,9,'2025-04-10 14:06:44','2025-04-10 14:06:44'),(22,'Golf','O Volkswagen Golf é um hatch premium com pegada esportiva, tecnologia de ponta e ótimo comportamento dinâmico.','Motorização 1.4 TSI/2.0 GTI',150000,'Hatch',2021,9,'2025-04-10 14:06:44','2025-04-10 14:06:44'),(23,'Amarok','A Volkswagen Amarok é uma picape robusta e confortável, com motorização potente e excelente desempenho em terrenos variados.','Motorização 2.0/3.0 V6',280000,'Picape',2024,9,'2025-04-10 14:06:44','2025-04-10 14:06:44'),(24,'Jetta','O Volkswagen Jetta é um sedã médio com visual elegante, boa performance e excelente custo-benefício para quem busca conforto e tecnologia.','Motorização 1.4 TSI/2.0 GLI',160000,'Sedã',2024,9,'2025-04-10 14:06:44','2025-04-10 14:06:44'),(25,'208','O Peugeot 208 é um hatch compacto com visual moderno, boa lista de equipamentos e ideal para quem busca estilo e economia.','Motorização 1.0/1.6',85000,'Hatch',2024,10,'2025-04-10 14:09:33','2025-04-10 14:09:33'),(26,'2008','O Peugeot 2008 é um SUV compacto que oferece conforto, conectividade e um design marcante, sendo uma boa opção para uso urbano.','Motorização 1.6/1.6 THP',115000,'SUV',2024,10,'2025-04-10 14:09:33','2025-04-10 14:09:33'),(27,'3008','O Peugeot 3008 é um SUV médio com acabamento refinado, tecnologias modernas e ótima dirigibilidade, ideal para quem busca sofisticação.','Motorização 1.6 THP',220000,'SUV',2024,10,'2025-04-10 14:09:33','2025-04-10 14:09:33'),(28,'5008','O Peugeot 5008 é um SUV de sete lugares com visual arrojado, bom espaço interno e tecnologia embarcada, voltado para famílias que valorizam conforto.','Motorização 1.6 THP',250000,'SUV',2024,10,'2025-04-10 14:09:33','2025-04-10 14:09:33'),(29,'Macan','O Porsche Macan é um SUV de luxo com desempenho esportivo, dirigibilidade precisa e acabamento refinado, unindo conforto e potência.','Motorização 2.0/2.9 V6',470000,'SUV',2024,11,'2025-04-10 14:11:46','2025-04-10 14:11:46'),(30,'Panamera','O Porsche Panamera é um sedã esportivo de alto desempenho, com design elegante e tecnologias avançadas, ideal para quem busca luxo com performance.','Motorização 2.9 V6/4.0 V8',870000,'Sedã',2024,11,'2025-04-10 14:11:46','2025-04-10 14:11:46'),(31,'Cayman','O Porsche Cayman é um cupê esportivo com tração traseira, motor central e excelente equilíbrio dinâmico, ideal para entusiastas da condução.','Motorização 2.0/4.0',580000,'Cupê',2024,11,'2025-04-10 14:11:46','2025-04-10 14:11:46'),(32,'Cayenne','O Porsche Cayenne é um SUV premium com desempenho esportivo, amplo espaço interno e tecnologias sofisticadas, unindo luxo e versatilidade.','Motorização 3.0 V6/4.0 V8',660000,'SUV',2024,11,'2025-04-10 14:11:46','2025-04-10 14:11:46'),(33,'A 45 S','O Mercedes-AMG A 45 S é um hatch esportivo de alto desempenho, com tração integral e motor potente, oferecendo uma experiência de condução intensa.','Motorização 2.0 Turbo',460000,'Hatch',2024,12,'2025-04-10 14:13:29','2025-04-10 14:13:29'),(34,'CLA 45 S','O Mercedes-AMG CLA 45 S é um sedã coupé esportivo com visual agressivo, excelente desempenho e tecnologias de ponta.','Motorização 2.0 Turbo',500000,'Sedã',2024,12,'2025-04-10 14:13:29','2025-04-10 14:13:29'),(35,'GLC 43','O Mercedes-AMG GLC 43 é um SUV esportivo que une versatilidade com performance, equipado com motor V6 e acabamento premium.','Motorização 3.0 V6 Biturbo',550000,'SUV',2024,12,'2025-04-10 14:13:29','2025-04-10 14:13:29'),(36,'EQE 53 SUV','O Mercedes-AMG EQE 53 SUV é um utilitário esportivo 100% elétrico com desempenho surpreendente e alto nível de tecnologia embarcada.','Motorização Elétrica',700000,'SUV',2024,12,'2025-04-10 14:13:29','2025-04-10 14:13:29'),(37,'GLE 53','O Mercedes-AMG GLE 53 é um SUV de luxo com estilo imponente, interior refinado e desempenho vigoroso graças ao motor de 6 cilindros.','Motorização 3.0 Turbo',720000,'SUV',2024,12,'2025-04-10 14:13:29','2025-04-10 14:13:29'),(38,'GLE 63 S Coupé','O Mercedes-AMG GLE 63 S Coupé é um SUV coupé com visual atlético, desempenho brutal e acabamento de altíssimo nível.','Motorização 4.0 V8 Biturbo',950000,'SUV',2024,12,'2025-04-10 14:13:29','2025-04-10 14:13:29'),(39,'March','O Nissan March é um hatch compacto com boa economia de combustível, ideal para o uso urbano e com manutenção acessível.','Motorização 1.0/1.6',65000,'Hatch',2022,13,'2025-04-10 14:26:01','2025-04-10 14:26:01'),(40,'Versa','O Nissan Versa é um sedã com ótimo espaço interno e tecnologias de assistência ao motorista, sendo uma escolha racional para famílias.','Motorização 1.6',95000,'Sedã',2024,13,'2025-04-10 14:26:01','2025-04-10 14:26:01'),(41,'Kicks','O Nissan Kicks é um SUV compacto com visual moderno, eficiente e com bom pacote de segurança, bastante popular no mercado.','Motorização 1.6',120000,'SUV',2024,13,'2025-04-10 14:26:01','2025-04-10 14:26:01'),(42,'Sentra','O Nissan Sentra é um sedã médio com visual sofisticado, acabamento refinado e ótimo nível de conforto.','Motorização 2.0',145000,'Sedã',2024,13,'2025-04-10 14:26:01','2025-04-10 14:26:01'),(43,'Frontier','A Nissan Frontier é uma picape robusta, voltada para quem precisa de resistência e força para o trabalho ou aventura.','Motorização 2.3 Turbo Diesel',230000,'Picape',2024,13,'2025-04-10 14:26:01','2025-04-10 14:26:01'),(44,'320i','O BMW 320i é um sedã esportivo que combina luxo, tecnologia e desempenho com o tradicional DNA da marca.','Motorização 2.0 Turbo',290000,'Sedã',2024,14,'2025-04-10 14:26:01','2025-04-10 14:26:01'),(45,'X6','O BMW X6 é um SUV coupé de porte grande, com visual imponente, motorização potente e muito conforto.','Motorização 3.0/4.4 V8',650000,'SUV',2024,14,'2025-04-10 14:26:01','2025-04-10 14:26:01'),(46,'X1','O BMW X1 é um SUV compacto premium que oferece uma ótima combinação entre conforto, espaço interno e tecnologia.','Motorização 1.5/2.0',250000,'SUV',2024,14,'2025-04-10 14:26:01','2025-04-10 14:26:01'),(47,'Z4','O BMW Z4 é um roadster esportivo com capota retrátil, tração traseira e desempenho digno dos apaixonados por velocidade.','Motorização 2.0/3.0',420000,'Cupê',2024,14,'2025-04-10 14:26:01','2025-04-10 14:26:01'),(48,'Renegade','O Jeep Renegade é um SUV compacto com visual robusto, excelente dirigibilidade e bom desempenho em terrenos variados.','Motorização 1.3 Turbo',125000,'SUV',2024,15,'2025-04-10 14:26:01','2025-04-10 14:26:01'),(49,'Compass','O Jeep Compass é um SUV médio sofisticado, com bom espaço interno, acabamento refinado e bom desempenho.','Motorização 1.3 Turbo/2.0 Diesel',180000,'SUV',2024,15,'2025-04-10 14:26:01','2025-04-10 14:26:01'),(50,'Commander','O Jeep Commander é um SUV de 7 lugares, com ótimo acabamento, motor diesel e recursos tecnológicos voltados para a família.','Motorização 2.0 Turbo Diesel',250000,'SUV',2024,15,'2025-04-10 14:26:01','2025-04-10 14:26:01'),(51,'Wrangler','O Jeep Wrangler é um verdadeiro off-road, com design clássico e capacidade extrema para aventuras fora de estrada.','Motorização 2.0 Turbo/3.6 V6',390000,'SUV',2024,15,'2025-04-10 14:26:01','2025-04-10 14:26:01'),(52,'Subaru Impreza Hatch','O Subaru Impreza Hatch é um modelo compacto com tração integral, excelente dirigibilidade e segurança.','Motorização 2.0 Boxer',180000,'Hatch',2024,16,'2025-04-10 14:26:01','2025-04-10 14:26:01'),(53,'Subaru Legacy Sedan','O Subaru Legacy é um sedã médio elegante com tração integral, ideal para quem busca conforto e estabilidade.','Motorização 2.5 Boxer',210000,'Sedã',2024,16,'2025-04-10 14:26:01','2025-04-10 14:26:01'),(54,'Subaru Outback','O Subaru Outback é um crossover espaçoso e versátil, perfeito para viagens e uso familiar, com tração integral padrão.','Motorização 2.5 Boxer',260000,'SUV',2024,16,'2025-04-10 14:26:01','2025-04-10 14:26:01'),(55,'Subaru WRX STI','O Subaru WRX STI é um sedã esportivo com motor turbo, tração integral e foco total em performance.','Motorização 2.5 Turbo Boxer',350000,'Sedã',2024,16,'2025-04-10 14:26:01','2025-04-10 14:26:01'),(56,'City','O Honda City é um sedã compacto com bom espaço, consumo eficiente e ótima confiabilidade mecânica.','Motorização 1.5',115000,'Sedã',2024,17,'2025-04-10 14:26:01','2025-04-10 14:26:01'),(57,'Civic','O Honda Civic é um sedã médio com apelo esportivo, acabamento refinado e tecnologia embarcada.','Motorização 2.0/1.5 Turbo',170000,'Sedã',2024,17,'2025-04-10 14:26:01','2025-04-10 14:26:01'),(58,'Fit','O Honda Fit é um hatch espaçoso e versátil, com ótimo aproveitamento interno e dirigibilidade urbana.','Motorização 1.5',95000,'Hatch',2022,17,'2025-04-10 14:26:01','2025-04-10 14:26:01'),(59,'HR-V','O Honda HR-V é um SUV compacto que combina bom espaço interno, conforto e economia com visual moderno.','Motorização 1.5 Turbo',160000,'SUV',2024,17,'2025-04-10 14:26:01','2025-04-10 14:26:01'),(60,'HB20','O Hyundai HB20 é um hatch compacto muito popular no Brasil, com bom acabamento e ótimo custo-benefício.','Motorização 1.0/1.6',85000,'Hatch',2024,18,'2025-04-10 14:26:01','2025-04-10 14:26:01'),(61,'Creta','O Hyundai Creta é um SUV compacto com bom espaço, conforto e visual marcante, ideal para o uso urbano.','Motorização 1.0 Turbo/2.0',140000,'SUV',2024,18,'2025-04-10 14:26:01','2025-04-10 14:26:01'),(62,'Azera','O Hyundai Azera é um sedã grande de luxo, com alto nível de conforto, tecnologia e desempenho suave.','Motorização 3.0 V6',260000,'Sedã',2023,18,'2025-04-10 14:26:01','2025-04-10 14:26:01'),(63,'Tucson','O Hyundai Tucson é um SUV médio que une bom espaço interno, design moderno e desempenho eficiente.','Motorização 1.6 Turbo/2.0',170000,'SUV',2024,18,'2025-04-10 14:26:01','2025-04-10 14:26:01'),(64,'Etios','O Toyota Etios é um hatch confiável, econômico e com manutenção acessível, ideal para uso diário.','Motorização 1.3/1.5',75000,'Hatch',2021,19,'2025-04-10 14:26:01','2025-04-10 14:26:01'),(65,'Yaris','O Toyota Yaris é um hatch compacto com bom acabamento, segurança e desempenho equilibrado.','Motorização 1.5',100000,'Hatch',2024,19,'2025-04-10 14:26:01','2025-04-10 14:26:01'),(66,'Corolla','O Toyota Corolla é um sedã médio consagrado, com foco em conforto, confiabilidade e bom consumo.','Motorização 2.0/1.8 Híbrido',160000,'Sedã',2024,19,'2025-04-10 14:26:01','2025-04-10 14:26:01'),(67,'Hilux','A Toyota Hilux é uma picape robusta, ideal para trabalhos pesados e aventuras, com ótimo desempenho em qualquer terreno.','Motorização 2.8 Turbo Diesel',290000,'Picape',2024,19,'2025-04-10 14:26:01','2025-04-10 14:26:01'),(68,'Kwid','O Renault Kwid é um subcompacto econômico e com bom custo-benefício, sendo uma excelente opção de entrada.','Motorização 1.0',65000,'Hatch',2024,20,'2025-04-10 14:26:01','2025-04-10 14:26:01'),(69,'Clio','O Renault Clio é um hatch compacto clássico, conhecido pela economia e praticidade no dia a dia.','Motorização 1.0/1.6',45000,'Hatch',2016,20,'2025-04-10 14:26:01','2025-04-10 14:26:01'),(70,'Logan','O Renault Logan é um sedã com bom espaço interno e porta-malas generoso, ideal para famílias e motoristas de app.','Motorização 1.0/1.6',85000,'Sedã',2023,20,'2025-04-10 14:26:01','2025-04-10 14:26:01'),(71,'Duster','O Renault Duster é um SUV robusto, com bom espaço interno e versatilidade tanto para cidade quanto para estrada.','Motorização 1.6/2.0',120000,'SUV',2024,20,'2025-04-10 14:26:01','2025-04-10 14:26:01'),(72,'Uno','O Fiat Uno é um hatch compacto, econômico e prático, ideal para quem busca um carro acessível para o dia a dia.','Motorização 1.0/1.4',55000,'Hatch',2021,21,'2025-04-10 14:26:01','2025-04-10 14:26:01'),(73,'Argo','O Fiat Argo é um hatch moderno e completo, com boas opções de motorização e design atraente.','Motorização 1.0/1.3',85000,'Hatch',2024,21,'2025-04-10 14:26:01','2025-04-10 14:26:01'),(74,'Fastback','O Fiat Fastback é um SUV coupé que combina estilo, desempenho e conectividade em um pacote urbano sofisticado.','Motorização 1.0/1.3 Turbo',135000,'SUV',2024,21,'2025-04-10 14:26:01','2025-04-10 14:26:01'),(75,'Strada','A Fiat Strada é uma picape compacta e versátil, ideal para o trabalho e o lazer, com ótimo custo-benefício.','Motorização 1.3/1.4',115000,'Picape',2024,21,'2025-04-10 14:26:01','2025-04-10 14:26:01');
/*!40000 ALTER TABLE `cars` ENABLE KEYS */;
UNLOCK TABLES;

--
-- Table structure for table `users`
--

DROP TABLE IF EXISTS `users`;
/*!40101 SET @saved_cs_client     = @@character_set_client */;
/*!50503 SET character_set_client = utf8mb4 */;
CREATE TABLE `users` (
  `id` int(11) NOT NULL AUTO_INCREMENT,
  `name` varchar(255) NOT NULL,
  `email` varchar(255) NOT NULL,
  `password` varchar(255) NOT NULL,
  `cpf` varchar(255) NOT NULL,
  `updatedBy` int(11) DEFAULT NULL,
  `createdAt` datetime NOT NULL,
  `updatedAt` datetime NOT NULL,
  PRIMARY KEY (`id`)
) ENGINE=InnoDB AUTO_INCREMENT=5 DEFAULT CHARSET=utf8mb4 COLLATE=utf8mb4_general_ci;
/*!40101 SET character_set_client = @saved_cs_client */;

--
-- Dumping data for table `users`
--

LOCK TABLES `users` WRITE;
/*!40000 ALTER TABLE `users` DISABLE KEYS */;
INSERT INTO `users` VALUES (1,'Caio','caio@email.com','$2b$10$JNG0S9ni4G0ov7lARNPmYOSdBeTTAvrku99SZZ0982TC1Fh4V4pwS','12345678909',NULL,'2025-04-05 20:15:58','2025-04-05 20:15:58'),(2,'Joaozinho','jaozin@email.com','$2b$10$jZVTNcmZwpaFM.1wWvDdXuPS7BaZxLBY5JvMft68bdV009s2KQ892','54140030925',NULL,'2025-04-05 20:18:08','2025-04-05 20:18:08'),(3,'lidianesilva','lidiane.silva@hotmail.com','$2b$10$Xn2shjdG6a9NdIKJkgiHNeWbDcUZ3Kku8Zt3iPvTEmH7bCb4uR9Dq','54140030925',NULL,'2025-04-07 00:31:05','2025-04-07 00:31:05');
/*!40000 ALTER TABLE `users` ENABLE KEYS */;
UNLOCK TABLES;

--
-- Dumping routines for database 'cartalogo'
--
/*!40103 SET TIME_ZONE=@OLD_TIME_ZONE */;

/*!40101 SET SQL_MODE=@OLD_SQL_MODE */;
/*!40014 SET FOREIGN_KEY_CHECKS=@OLD_FOREIGN_KEY_CHECKS */;
/*!40014 SET UNIQUE_CHECKS=@OLD_UNIQUE_CHECKS */;
/*!40101 SET CHARACTER_SET_CLIENT=@OLD_CHARACTER_SET_CLIENT */;
/*!40101 SET CHARACTER_SET_RESULTS=@OLD_CHARACTER_SET_RESULTS */;
/*!40101 SET COLLATION_CONNECTION=@OLD_COLLATION_CONNECTION */;
/*!40111 SET SQL_NOTES=@OLD_SQL_NOTES */;

-- Dump completed on 2025-04-10 14:53:36
